{"cameraMode":{"drawMode":0,"name":"Shaded","section":"Shading Mode"},"sceneLighting":false,"audioPlay":false,"sceneViewState":{"showFog":true,"showMaterialUpdate":false,"showSkybox":false,"showFlares":true,"showImageEffects":true,"showParticleSystems":true},"in2DMode":false,"pivot":{"x":3.4208734035491945,"y":2.2387189865112306,"z":-7.188101291656494},"rotation":{"x":0.006390647031366825,"y":0.677649974822998,"z":0.005889460910111666,"w":-0.7353333830833435},"size":3.4352078437805177,"orthographic":false}