{"cameraMode":{"drawMode":0,"name":"Shaded","section":"Shading Mode"},"sceneLighting":false,"audioPlay":false,"sceneViewState":{"showFog":true,"showMaterialUpdate":false,"showSkybox":false,"showFlares":true,"showImageEffects":true,"showParticleSystems":true},"in2DMode":false,"pivot":{"x":0.2328047752380371,"y":2.2595953941345217,"z":1.176839828491211},"rotation":{"x":0.006390647031366825,"y":0.677649974822998,"z":0.005889460910111666,"w":-0.7353333830833435},"size":19.746841430664064,"orthographic":false}