{"cameraMode":{"drawMode":0,"name":"Shaded","section":"Shading Mode"},"sceneLighting":false,"audioPlay":false,"sceneViewState":{"showFog":true,"showMaterialUpdate":false,"showSkybox":false,"showFlares":true,"showImageEffects":true,"showParticleSystems":true},"in2DMode":false,"pivot":{"x":0.18403124809265138,"y":5.147289752960205,"z":0.7092719078063965},"rotation":{"x":0.006390647031366825,"y":0.677649974822998,"z":0.005889460910111666,"w":-0.7353333830833435},"size":9.075165748596192,"orthographic":false}