{"cameraMode":{"drawMode":0,"name":"Shaded","section":"Shading Mode"},"sceneLighting":false,"audioPlay":false,"sceneViewState":{"showFog":true,"showMaterialUpdate":false,"showSkybox":false,"showFlares":true,"showImageEffects":true,"showParticleSystems":true},"in2DMode":false,"pivot":{"x":0.0031647980213165285,"y":0.7425131797790527,"z":-0.02228386700153351},"rotation":{"x":0.1494012176990509,"y":-0.5341739058494568,"z":0.09654632955789566,"w":0.8265910148620606},"size":1.0289528369903565,"orthographic":false}