{"cameraMode":{"drawMode":0,"name":"Shaded","section":"Shading Mode"},"sceneLighting":false,"audioPlay":false,"sceneViewState":{"showFog":true,"showMaterialUpdate":false,"showSkybox":false,"showFlares":true,"showImageEffects":true,"showParticleSystems":true},"in2DMode":false,"pivot":{"x":348.03717041015627,"y":10.408467292785645,"z":-35.66477584838867},"rotation":{"x":-0.18203219771385194,"y":0.4054188132286072,"z":-0.08273514360189438,"w":-0.8919941782951355},"size":14.673666000366211,"orthographic":false}