{"cameraMode":{"drawMode":0,"name":"Shaded","section":"Shading Mode"},"sceneLighting":false,"audioPlay":false,"sceneViewState":{"showFog":true,"showMaterialUpdate":false,"showSkybox":false,"showFlares":true,"showImageEffects":true,"showParticleSystems":true},"in2DMode":false,"pivot":{"x":7.492715835571289,"y":2.2138218879699709,"z":-1.9515773057937623},"rotation":{"x":-0.24363493919372559,"y":-0.03868918865919113,"z":0.00972621887922287,"w":-0.9690565466880798},"size":4.290498733520508,"orthographic":false}