{"cameraMode":{"drawMode":0,"name":"Shaded","section":"Shading Mode"},"sceneLighting":false,"audioPlay":false,"sceneViewState":{"showFog":true,"showMaterialUpdate":false,"showSkybox":false,"showFlares":true,"showImageEffects":true,"showParticleSystems":true},"in2DMode":false,"pivot":{"x":-1.0933871269226075,"y":1.9716284275054932,"z":-7.7671895027160648},"rotation":{"x":0.006390647031366825,"y":0.677649974822998,"z":0.005889460910111666,"w":-0.7353333830833435},"size":2.042503595352173,"orthographic":false}